structure	pocket	score	druggability	volume	center_x	center_y	center_z
hiv_protease	1	1.011	0.925	1595.286	13.55	21.83	6.36
hiv_protease	2	0.060	0.001	317.364	6.65	24.27	-7.7
hiv_protease	3	0.041	0.000	254.095	22.23	23.47	15.88
hiv_protease	4	-0.031	0.003	458.050	18.29	17.14	-18.58
hiv_protease	5	-0.052	0.001	189.145	-2.65	25.81	16.5
hiv_protease	6	-0.073	0.000	322.796	13.09	37.84	-5.98
hiv_protease	7	-0.085	0.000	138.929	30.54	28.73	-3.65
hiv_protease	8	-0.103	0.000	233.932	26.66	38.61	18.46
ubiquitin	1	0.352	0.032	552.158	37.15	28.16	5.84
ubiquitin	2	0.286	0.535	319.811	20.92	20.99	6.17
ubiquitin	3	0.253	0.000	241.882	31.68	23.17	2.31
ubiquitin	4	0.134	0.498	173.660	33.34	38.52	20.25
