Residue	RMSF (nm)
1.000000000000000000e+00	5.840000000000000052e-02
2.000000000000000000e+00	5.109999999999999959e-02
3.000000000000000000e+00	4.769999999999999934e-02
4.000000000000000000e+00	4.429999999999999910e-02
5.000000000000000000e+00	3.459999999999999881e-02
6.000000000000000000e+00	4.410000000000000031e-02
7.000000000000000000e+00	7.979999999999999594e-02
8.000000000000000000e+00	1.131999999999999951e-01
9.000000000000000000e+00	1.045999999999999985e-01
1.000000000000000000e+01	8.880000000000000393e-02
1.100000000000000000e+01	7.749999999999999944e-02
1.200000000000000000e+01	5.319999999999999729e-02
1.300000000000000000e+01	4.329999999999999821e-02
1.400000000000000000e+01	3.690000000000000224e-02
1.500000000000000000e+01	3.889999999999999708e-02
1.600000000000000000e+01	4.070000000000000007e-02
1.700000000000000000e+01	3.520000000000000212e-02
1.800000000000000000e+01	5.070000000000000201e-02
1.900000000000000000e+01	4.760000000000000342e-02
2.000000000000000000e+01	5.929999999999999855e-02
2.100000000000000000e+01	4.719999999999999890e-02
2.200000000000000000e+01	3.899999999999999994e-02
2.300000000000000000e+01	4.529999999999999999e-02
2.400000000000000000e+01	5.029999999999999749e-02
2.500000000000000000e+01	4.299999999999999656e-02
2.600000000000000000e+01	4.649999999999999967e-02
2.700000000000000000e+01	4.399999999999999745e-02
2.800000000000000000e+01	4.780000000000000221e-02
2.900000000000000000e+01	4.649999999999999967e-02
3.000000000000000000e+01	4.780000000000000221e-02
3.100000000000000000e+01	5.700000000000000205e-02
3.200000000000000000e+01	6.980000000000000093e-02
3.300000000000000000e+01	6.350000000000000089e-02
3.400000000000000000e+01	6.679999999999999827e-02
3.500000000000000000e+01	6.489999999999999936e-02
3.600000000000000000e+01	6.270000000000000573e-02
3.700000000000000000e+01	5.850000000000000339e-02
3.800000000000000000e+01	5.820000000000000173e-02
3.900000000000000000e+01	7.870000000000000606e-02
4.000000000000000000e+01	6.489999999999999936e-02
4.100000000000000000e+01	5.770000000000000129e-02
4.200000000000000000e+01	6.489999999999999936e-02
4.300000000000000000e+01	5.689999999999999919e-02
4.400000000000000000e+01	5.700000000000000205e-02
4.500000000000000000e+01	4.780000000000000221e-02
4.600000000000000000e+01	6.629999999999999782e-02
4.700000000000000000e+01	9.229999999999999316e-02
4.800000000000000000e+01	1.067000000000000032e-01
4.900000000000000000e+01	6.600000000000000311e-02
5.000000000000000000e+01	6.130000000000000032e-02
5.100000000000000000e+01	6.619999999999999496e-02
5.200000000000000000e+01	6.140000000000000319e-02
5.300000000000000000e+01	5.399999999999999939e-02
5.400000000000000000e+01	5.070000000000000201e-02
5.500000000000000000e+01	4.499999999999999833e-02
5.600000000000000000e+01	4.209999999999999853e-02
5.700000000000000000e+01	5.770000000000000129e-02
5.800000000000000000e+01	6.410000000000000420e-02
5.900000000000000000e+01	6.119999999999999746e-02
6.000000000000000000e+01	7.399999999999999634e-02
6.100000000000000000e+01	5.559999999999999665e-02
6.200000000000000000e+01	5.249999999999999806e-02
6.300000000000000000e+01	4.569999999999999757e-02
6.400000000000000000e+01	4.259999999999999898e-02
6.500000000000000000e+01	4.710000000000000298e-02
6.600000000000000000e+01	4.109999999999999765e-02
6.700000000000000000e+01	2.819999999999999937e-02
6.800000000000000000e+01	4.660000000000000253e-02
6.900000000000000000e+01	5.890000000000000097e-02
7.000000000000000000e+01	6.759999999999999343e-02
7.100000000000000000e+01	5.929999999999999855e-02
7.200000000000000000e+01	7.330000000000000404e-02
7.300000000000000000e+01	1.052000000000000018e-01
7.400000000000000000e+01	1.907000000000000084e-01
7.500000000000000000e+01	3.290000000000000147e-01
7.600000000000000000e+01	4.389000000000000123e-01
