	A	C	D	E	F	G	H	I	K	L	M	N	P	Q	R	S	T	V	W	Y
M1	-9.728	-12.007	-10.908	-9.847	-9.395	-10.8	-11.645	-4.993	-10.262	-7.117	0.0	-10.348	-10.218	-9.354	-10.497	-9.805	-7.795	-7.02	-13.291	-11.703
Q2	-9.505	-10.414	-4.446	-2.894	-6.376	-9.24	-4.163	-6.984	-4.485	-4.113	-7.695	-4.405	-7.117	0.0	-5.484	-7.569	-8.816	-8.204	-6.263	-5.49
I3	-6.948	-9.893	-9.862	-9.971	-6.754	-10.058	-12.178	0.0	-10.654	-4.237	-7.008	-9.457	-10.256	-10.601	-10.557	-9.406	-7.483	-1.14	-12.871	-11.922
F4	-10.23	-8.211	-11.638	-12.745	0.0	-12.024	-8.619	-7.709	-11.882	-5.298	-8.633	-8.53	-11.539	-9.68	-10.738	-7.003	-9.664	-9.023	-9.148	-4.285
V5	-5.032	-8.669	-10.01	-9.478	-7.169	-10.967	-11.821	-3.505	-11.679	-3.92	-7.506	-10.453	-9.074	-10.284	-10.594	-9.307	-7.307	0.0	-12.239	-11.859
K6	-11.021	-12.083	-11.475	-8.327	-15.077	-10.873	-10.122	-11.321	0.0	-11.546	-9.581	-6.917	-13.124	-8.233	-4.65	-9.428	-9.222	-11.471	-13.261	-13.617
T7	-6.605	-10.033	-9.549	-10.395	-10.873	-9.812	-10.235	-4.433	-8.313	-7.87	-6.156	-5.497	-7.224	-9.8	-9.11	-6.279	0.0	-7.079	-13.34	-11.425
L8	-9.859	-12.472	-11.882	-11.548	-9.124	-11.307	-10.224	-6.018	-13.05	0.0	-7.588	-8.849	-8.972	-8.642	-11.565	-7.409	-9.208	-7.515	-12.624	-11.154
T9	-4.58	-10.231	-5.373	-0.383	-9.564	-4.923	-7.274	-7.207	-4.618	-5.93	-5.508	-5.66	-6.963	-1.52	-7.823	-4.952	0.0	-2.956	-10.288	-9.31
G10	-7.436	-10.279	-7.064	-6.493	-12.407	0.0	-10.445	-12.344	-10.916	-11.764	-13.388	-8.83	-11.641	-8.06	-9.389	-7.54	-10.529	-9.975	-10.852	-12.003
K11	-7.182	-9.447	-8.622	-6.771	-9.943	-7.647	-5.692	-8.524	0.0	-8.034	-8.415	-4.521	-6.661	-2.009	-2.209	-5.244	-4.711	-8.879	-9.976	-8.923
T12	-6.185	-8.63	-5.305	-7.564	-9.578	-8.865	-7.372	-6.639	-6.262	-9.512	-8.447	-4.513	-6.761	-9.045	-8.081	-4.257	0.0	-7.978	-11.472	-8.342
I13	-4.277	-2.815	-7.691	-6.885	0.13	-7.722	-2.573	0.0	-5.843	0.82	-2.281	-6.584	-3.696	-5.449	-5.421	-4.583	-3.273	-1.483	-6.567	-2.521
T14	-2.111	-4.982	-5.471	-4.826	-4.927	-4.288	-4.954	-3.72	-4.925	-4.476	-5.059	-2.851	-0.716	-4.956	-5.378	-1.335	0.0	-3.54	-7.5	-5.503
L15	-6.924	-5.798	-8.691	-7.013	-0.555	-9.918	-6.747	-1.441	-8.713	0.0	-4.414	-9.126	-5.681	-7.453	-7.751	-6.959	-6.612	-1.464	-8.432	-4.236
E16	-4.241	-8.608	-0.933	0.0	-8.108	-5.103	-4.949	-7.15	-4.16	-6.239	-7.698	-3.827	-5.88	-1.422	-5.864	-4.229	-4.416	-5.672	-7.637	-6.592
V17	-1.776	-7.824	-9.738	-9.177	-7.766	-7.612	-12.451	-4.494	-11.139	-6.141	-7.52	-10.996	-7.633	-12.332	-10.995	-7.593	-5.039	0.0	-11.647	-11.018
E18	-2.578	-5.47	0.47	0.0	-5.781	-2.673	-4.021	-5.44	-4.354	-4.272	-5.486	-1.207	-5.334	-2.61	-4.785	-0.751	-3.065	-3.953	-5.719	-4.7
P19	-1.627	-7.464	-4.915	-4.849	-6.585	-3.314	-5.44	-6.883	-6.799	-4.342	-7.479	-4.809	0.0	-4.101	-5.737	-1.558	-3.968	-5.312	-8.188	-7.165
S20	-2.068	-5.631	-2.798	-2.949	-5.827	-2.612	-3.913	-5.003	-3.808	-4.607	-5.551	-1.284	-5.262	-3.362	-4.965	0.0	-0.089	-4.613	-7.036	-5.634
D21	-5.16	-7.614	0.0	-1.866	-6.092	-5.289	-4.396	-6.571	-5.619	-6.318	-7.88	-2.815	-8.359	-4.771	-7.43	-4.835	-6.252	-6.303	-7.566	-4.896
T22	-3.636	-5.631	-6.1	-5.705	-6.083	-5.916	-6.973	-4.168	-1.821	-2.744	-4.749	-3.79	-4.282	-3.903	-3.398	-2.287	0.0	-4.716	-9.222	-7.306
I23	-3.707	-7.705	-6.552	-7.826	-8.085	-5.548	-10.637	0.0	-7.981	-5.364	-7.176	-6.38	-6.04	-9.277	-9.28	-6.162	-2.66	1.308	-11.784	-11.888
E24	2.663	-2.858	0.385	0.0	-2.526	0.465	-1.555	-1.189	-1.067	1.26	-2.499	1.466	0.214	0.773	-2.008	1.311	-0.058	0.363	-4.257	-2.98
N25	-1.257	-4.525	-1.958	-2.694	-4.065	-2.994	-2.122	-1.984	0.215	-2.77	-2.925	0.0	-7.564	-0.673	-1.718	-1.258	-0.944	-1.176	-6.576	-3.428
V26	-4.028	-4.815	-9.22	-8.57	-4.651	-10.071	-10.273	-0.557	-9.644	-1.799	-4.236	-8.887	-8.431	-8.895	-11.253	-7.027	-3.719	0.0	-11.156	-10.432
K27	-11.067	-12.257	-11.948	-9.11	-12.811	-11.146	-9.243	-9.607	0.0	-11.001	-8.897	-8.373	-13.017	-8.394	-5.931	-10.334	-8.453	-11.624	-12.044	-12.729
A28	0.0	-3.552	-2.761	0.307	-3.075	-1.141	-1.578	-1.835	1.079	0.474	-2.307	-1.402	-3.478	1.95	-0.678	-0.658	-0.936	-0.493	-2.591	-3.405
K29	-5.58	-7.95	-6.595	-5.216	-7.16	-7.188	-5.163	-5.417	0.0	-2.8	-4.055	-5.004	-9.447	-2.924	-3.381	-6.136	-6.065	-6.01	-7.818	-6.971
I30	-6.559	-9.758	-11.252	-10.496	-8.932	-11.698	-11.396	0.0	-11.329	-3.908	-6.987	-10.161	-9.862	-10.593	-12.502	-9.054	-5.297	-2.983	-14.085	-11.204
Q31	-4.67	-5.873	-7.602	-3.528	-4.678	-6.12	-2.229	-7.804	-3.083	-4.851	-6.524	-5.517	-7.475	0.0	-4.169	-4.597	-5.55	-6.496	-6.179	-2.641
D32	2.003	-3.598	0.0	0.109	-3.716	0.546	-3.901	-2.706	-2.957	-2.836	-3.368	-1.252	-2.251	-2.465	-3.322	1.323	0.816	-0.515	-5.445	-4.367
K33	-4.086	-5.761	-5.167	-4.11	-7.009	-4.699	-4.531	-5.442	0.0	-5.356	-5.188	-3.415	-5.312	-2.602	-1.665	-3.59	-3.76	-4.836	-7.048	-6.136
E34	-7.542	-10.363	-4.713	0.0	-10.936	-7.971	-6.216	-9.534	-7.54	-8.438	-9.72	-8.32	-10.387	-0.39	-9.605	-8.825	-7.736	-7.439	-10.585	-8.89
G35	-5.831	-7.417	-3.43	-4.398	-9.613	0.0	-6.802	-9.099	-5.843	-9.034	-9.381	-4.044	-9.267	-6.399	-5.945	-3.918	-7.022	-7.164	-9.037	-8.59
I36	-4.305	-5.261	-7.862	-7.274	-0.478	-8.333	-4.197	0.0	-7.243	-0.928	-1.312	-3.573	-3.633	-4.633	-6.755	-3.205	-1.159	-1.715	-9.498	-3.564
P37	-1.659	-6.845	-6.163	-5.924	-6.443	-6.471	-5.947	-5.477	-6.513	-3.639	-6.403	-5.733	0.0	-4.627	-6.058	-2.361	-3.266	-3.778	-9.707	-6.881
P38	1.159	-2.629	-4.218	-3.164	-3.312	-2.519	-4.127	-3.494	-3.091	-3.561	-4.07	-3.741	0.0	-3.292	-3.499	0.523	-0.74	-0.571	-4.733	-3.681
D39	-2.074	-6.99	0.0	0.087	-7.042	-1.866	-4.641	-6.099	-5.985	-6.03	-7.69	-1.721	-4.825	-3.534	-6.863	-2.564	-4.262	-4.538	-8.083	-5.662
Q40	-9.994	-10.991	-9.835	-6.474	-11.326	-9.878	-6.114	-10.541	-7.031	-6.922	-8.784	-8.538	-8.996	0.0	-7.351	-9.098	-9.709	-10.008	-10.404	-9.496
Q41	-10.036	-10.127	-12.051	-6.698	-9.296	-10.625	-7.767	-8.018	-9.779	-7.045	-7.178	-10.39	-11.722	0.0	-9.579	-9.378	-8.538	-8.827	-11.251	-10.2
R42	-9.73	-7.204	-13.621	-13.358	-8.942	-9.637	-7.649	-7.281	-7.751	-3.6	-3.742	-10.715	-8.961	-8.924	0.0	-9.888	-8.735	-6.702	-8.089	-9.721
L43	-10.153	-11.094	-12.384	-11.434	-6.627	-11.831	-9.26	-4.271	-11.099	0.0	-6.643	-11.861	-8.164	-8.95	-9.635	-9.451	-9.097	-5.585	-10.701	-11.259
I44	-9.54	-11.395	-13.619	-13.86	-9.636	-13.396	-13.612	0.0	-13.337	-7.938	-9.676	-10.003	-13.426	-13.792	-13.103	-11.171	-8.252	-5.103	-14.473	-12.342
F45	-9.944	-5.986	-12.463	-14.088	0.0	-12.445	-6.993	-10.619	-14.705	-7.618	-11.576	-9.702	-13.803	-12.386	-12.691	-7.181	-11.752	-9.14	-8.925	-1.806
A46	0.0	-5.654	-5.709	-4.819	-8.24	-2.948	-8.145	-7.228	-7.44	-6.896	-7.396	-5.281	-10.745	-5.389	-7.77	-0.812	-3.653	-5.216	-10.625	-8.576
G47	-8.133	-9.78	-8.235	-9.097	-13.521	0.0	-13.009	-13.911	-12.061	-13.767	-13.854	-10.338	-14.871	-12.302	-9.724	-8.75	-11.788	-10.859	-10.942	-13.051
K48	-10.274	-8.603	-11.168	-8.739	-12.318	-10.085	-6.526	-10.087	0.0	-9.439	-8.445	-6.912	-12.878	-4.147	-2.091	-8.292	-8.787	-10.933	-8.665	-10.856
Q49	-6.683	-7.728	-9.861	-6.896	-10.292	-9.055	-5.74	-8.488	-8.122	-6.439	-8.212	-6.402	-6.109	0.0	-7.291	-5.658	-8.255	-6.202	-10.492	-9.212
L50	-7.831	-6.68	-12.573	-10.447	-7.573	-11.27	-9.805	-6.315	-10.144	0.0	-4.74	-10.395	-8.133	-7.572	-9.356	-9.165	-9.087	-5.403	-10.46	-10.276
E51	-5.842	-10.591	-2.141	0.0	-10.59	-7.042	-8.859	-7.872	-7.211	-8.193	-8.255	-7.161	-9.464	-4.972	-9.973	-7.41	-6.771	-5.508	-12.445	-10.235
D52	-6.821	-10.17	0.0	-3.966	-9.806	-4.771	-7.387	-7.874	-8.0	-8.865	-9.233	-2.353	-7.419	-8.368	-8.805	-4.895	-8.067	-6.85	-10.042	-7.44
G53	-3.418	-5.055	0.414	-0.12	-5.609	0.0	-3.499	-5.906	-4.575	-5.694	-7.076	-2.18	-4.373	-3.561	-4.861	-2.189	-3.64	-4.582	-5.031	-4.911
R54	-5.387	-5.094	-6.225	-4.596	-6.102	-6.151	-0.288	-4.516	2.006	-3.652	-4.402	-1.434	-5.578	-1.381	0.0	-3.195	-3.683	-5.449	-6.631	-5.339
T55	-2.273	-2.616	-6.011	-4.793	-4.541	-5.76	-2.848	-3.585	0.224	-1.192	-2.218	-2.805	-3.49	-1.406	-0.025	-1.472	0.0	-3.115	-6.226	-4.499
L56	-4.862	-7.509	-11.759	-11.668	-6.299	-9.325	-11.449	-2.449	-11.247	0.0	-5.004	-11.116	-6.437	-10.526	-10.34	-7.25	-5.814	-1.384	-10.071	-10.943
S57	1.129	-5.814	-3.046	-3.089	-5.662	-1.258	-4.017	-5.25	-3.439	-4.751	-5.946	-2.177	-5.564	-2.15	-4.231	0.0	-2.223	-3.32	-7.577	-5.667
D58	-4.654	-6.396	0.0	-1.821	-2.895	-5.304	-2.726	-8.456	-7.69	-7.185	-8.181	-4.518	-12.244	-4.326	-8.223	-2.606	-5.788	-6.575	-8.566	-2.348
Y59	-8.537	-3.981	-8.831	-10.337	-6.158	-10.131	-4.478	-9.178	-11.581	-7.501	-10.903	-5.111	-11.451	-7.562	-9.292	-5.716	-9.294	-9.118	-9.505	0.0
N60	-5.92	-7.459	-4.325	-6.278	-8.674	-3.297	-4.843	-7.559	-3.91	-7.049	-9.108	0.0	-6.863	-5.879	-5.983	-2.233	-6.448	-7.515	-10.174	-8.066
I61	-5.633	-7.654	-10.515	-11.338	-6.131	-10.617	-10.184	0.0	-10.611	-2.583	-5.648	-9.99	-8.386	-9.479	-10.575	-8.557	-5.665	-0.087	-12.872	-10.728
Q62	-4.353	-7.741	-4.054	-1.717	-8.538	-3.395	-4.377	-6.708	-4.506	-5.908	-6.693	-4.694	-4.704	0.0	-5.985	-4.522	-4.375	-4.877	-9.011	-8.13
K63	0.261	-4.571	-1.544	-1.727	-4.824	-2.502	0.361	-4.815	0.0	-4.361	-3.699	1.943	-0.021	0.206	-1.492	-0.236	-0.692	-4.063	-6.469	-4.221
E64	-4.934	-8.942	-0.862	0.0	-5.893	-5.056	-4.75	-7.015	-6.057	-3.288	-4.363	-3.613	-5.728	-3.805	-7.985	-4.998	-5.273	-5.065	-9.009	-5.984
S65	-1.899	-2.498	-7.288	-6.765	-4.018	-6.659	-4.778	-2.575	-5.749	-3.686	-3.867	-2.282	-5.432	-5.096	-6.252	0.0	-1.975	-0.694	-7.207	-5.285
T66	-5.621	-9.143	-11.951	-11.476	-9.358	-8.792	-11.99	-6.53	-10.029	-10.068	-7.929	-8.425	-8.824	-11.51	-10.719	-5.67	0.0	-6.065	-12.106	-11.319
L67	-7.796	-7.07	-10.255	-10.815	-4.372	-12.323	-11.178	-2.258	-11.633	0.0	-3.555	-10.646	-9.441	-10.397	-9.689	-7.936	-7.843	-1.494	-12.647	-9.898
H68	-8.695	-8.569	-6.532	-9.664	-5.764	-10.896	0.0	-8.928	-11.44	-7.435	-10.397	-6.092	-10.631	-6.753	-8.271	-9.167	-9.865	-7.104	-10.022	-3.889
L69	-10.905	-9.571	-13.278	-11.548	-7.184	-13.257	-10.157	-8.221	-12.249	0.0	-3.651	-12.124	-10.555	-8.551	-11.055	-9.477	-10.151	-6.662	-10.817	-11.276
V70	-6.433	-8.306	-11.439	-10.602	-9.521	-9.123	-12.759	-6.427	-12.829	-7.902	-7.036	-11.074	-11.728	-10.373	-12.374	-9.129	-7.642	0.0	-12.545	-11.903
L71	-10.202	-10.218	-13.076	-11.822	-5.919	-8.666	-10.865	-7.245	-12.014	0.0	-6.172	-11.737	-8.283	-10.156	-10.847	-9.383	-10.245	-6.616	-11.023	-9.718
R72	-9.657	-8.01	-13.933	-10.273	-11.866	-7.027	-7.954	-11.547	-6.248	-10.455	-11.578	-11.191	-10.266	-6.908	0.0	-7.841	-10.826	-11.047	-9.486	-11.888
L73	-9.937	-10.113	-11.818	-10.641	-7.82	-9.72	-10.237	-6.159	-10.584	0.0	-4.105	-10.148	-8.011	-7.645	-9.699	-8.865	-8.434	-6.125	-11.06	-11.38
R74	-10.224	-7.145	-12.439	-11.101	-9.176	-8.825	-7.187	-7.613	-6.086	-5.699	-8.372	-11.242	-7.958	-8.31	0.0	-8.938	-8.521	-9.246	-8.427	-9.443
G75	-7.178	-8.89	-8.599	-8.497	-10.97	0.0	-11.188	-11.212	-10.812	-11.223	-11.579	-10.188	-11.818	-10.931	-8.236	-7.867	-9.532	-8.943	-9.752	-11.517
G76	-1.302	1.807	-4.932	-5.331	-4.864	0.0	-5.535	-6.808	-6.933	-5.617	-6.575	-4.563	-7.433	-5.637	-5.137	-2.453	-4.893	-4.558	-5.644	-4.611
